Constituent,Julian_day,Depth,Elevation,Seg_26 ,Elevation,
Temperature,   100.701,     1.727,   122.075,      14.018,
Temperature,   100.701,     4.454,   119.350,      13.843,
Temperature,   100.701,     6.454,   117.350,      13.590,
Temperature,   100.701,     8.454,   115.350,      13.334,
Temperature,   100.701,    10.454,   113.350,      13.092,
Temperature,   100.701,    12.454,   111.350,      12.444,
Temperature,   100.701,    14.454,   109.350,      11.418,
Temperature,   100.701,    16.454,   107.350,      10.046,
Temperature,   100.701,    18.454,   105.350,       8.928,
Temperature,   100.701,    20.454,   103.350,       8.560,
Temperature,   100.701,    22.454,   101.350,       8.375,
Temperature,   100.701,    24.454,    99.350,       8.097,
Temperature,   100.701,    26.454,    97.350,       7.842,
Temperature,   100.701,    28.454,    95.350,       7.642,
Temperature,   100.701,    30.454,    93.350,       7.549,
Temperature,   100.701,    32.454,    91.350,       7.454,
Temperature,   100.701,    34.454,    89.350,       7.394,
Temperature,   100.701,    36.454,    87.350,       7.386,
Temperature,   100.701,    38.454,    85.350,       7.385,
Temperature,   100.701,    40.454,    83.350,       7.379,
Temperature,   100.701,    42.454,    81.350,       7.376,
Temperature,   100.701,    44.454,    79.350,       7.375,
Temperature,   100.701,    46.454,    77.350,       7.375,
Temperature,   100.701,    48.454,    75.350,    -99.00  ,
Temperature,   100.701,    50.454,    73.350,    -99.00  ,
Temperature,   100.701,    52.454,    71.350,    -99.00  ,
Temperature,   100.701,    54.454,    69.350,    -99.00  ,
Temperature,   100.701,    56.454,    67.350,    -99.00  ,
Temperature,   110.701,     1.724,   122.074,      15.168,
Temperature,   110.701,     4.449,   119.350,      14.510,
Temperature,   110.701,     6.449,   117.350,      13.640,
Temperature,   110.701,     8.449,   115.350,      12.894,
Temperature,   110.701,    10.449,   113.350,      12.735,
Temperature,   110.701,    12.449,   111.350,      12.590,
Temperature,   110.701,    14.449,   109.350,      12.273,
Temperature,   110.701,    16.449,   107.350,      11.778,
Temperature,   110.701,    18.449,   105.350,      10.982,
Temperature,   110.701,    20.449,   103.350,       9.979,
Temperature,   110.701,    22.449,   101.350,       9.004,
Temperature,   110.701,    24.449,    99.350,       8.334,
Temperature,   110.701,    26.449,    97.350,       7.949,
Temperature,   110.701,    28.449,    95.350,       7.719,
Temperature,   110.701,    30.449,    93.350,       7.590,
Temperature,   110.701,    32.449,    91.350,       7.508,
Temperature,   110.701,    34.449,    89.350,       7.446,
Temperature,   110.701,    36.449,    87.350,       7.411,
Temperature,   110.701,    38.449,    85.350,       7.399,
Temperature,   110.701,    40.449,    83.350,       7.394,
Temperature,   110.701,    42.449,    81.350,       7.394,
Temperature,   110.701,    44.449,    79.350,       7.394,
Temperature,   110.701,    46.449,    77.350,       7.388,
Temperature,   110.701,    48.449,    75.350,    -99.00  ,
Temperature,   110.701,    50.449,    73.350,    -99.00  ,
Temperature,   110.701,    52.449,    71.350,    -99.00  ,
Temperature,   110.701,    54.449,    69.350,    -99.00  ,
Temperature,   110.701,    56.449,    67.350,    -99.00  ,
Temperature,   120.701,     1.726,   122.075,      18.378,
Temperature,   120.701,     4.452,   119.350,      18.124,
Temperature,   120.701,     6.452,   117.350,      17.571,
Temperature,   120.701,     8.452,   115.350,      17.006,
Temperature,   120.701,    10.452,   113.350,      14.424,
Temperature,   120.701,    12.452,   111.350,      11.751,
Temperature,   120.701,    14.452,   109.350,      11.528,
Temperature,   120.701,    16.452,   107.350,      11.262,
Temperature,   120.701,    18.452,   105.350,      10.328,
Temperature,   120.701,    20.452,   103.350,       9.690,
Temperature,   120.701,    22.452,   101.350,       9.182,
Temperature,   120.701,    24.452,    99.350,       8.728,
Temperature,   120.701,    26.452,    97.350,       8.319,
Temperature,   120.701,    28.452,    95.350,       7.994,
Temperature,   120.701,    30.452,    93.350,       7.771,
Temperature,   120.701,    32.452,    91.350,       7.626,
Temperature,   120.701,    34.452,    89.350,       7.534,
Temperature,   120.701,    36.452,    87.350,       7.492,
Temperature,   120.701,    38.452,    85.350,       7.471,
Temperature,   120.701,    40.452,    83.350,       7.463,
Temperature,   120.701,    42.452,    81.350,       7.460,
Temperature,   120.701,    44.452,    79.350,       7.458,
Temperature,   120.701,    46.452,    77.350,       7.458,
Temperature,   120.701,    48.452,    75.350,    -99.00  ,
Temperature,   120.701,    50.452,    73.350,    -99.00  ,
Temperature,   120.701,    52.452,    71.350,    -99.00  ,
Temperature,   120.701,    54.452,    69.350,    -99.00  ,
Temperature,   120.701,    56.452,    67.350,    -99.00  ,
Temperature,   130.701,     1.723,   122.074,      20.370,
Temperature,   130.701,     4.447,   119.350,      19.985,
Temperature,   130.701,     6.447,   117.350,      19.338,
Temperature,   130.701,     8.447,   115.350,      16.631,
Temperature,   130.701,    10.447,   113.350,      14.132,
Temperature,   130.701,    12.447,   111.350,      12.481,
Temperature,   130.701,    14.447,   109.350,      11.461,
Temperature,   130.701,    16.447,   107.350,      10.802,
Temperature,   130.701,    18.447,   105.350,      10.183,
Temperature,   130.701,    20.447,   103.350,       9.529,
Temperature,   130.701,    22.447,   101.350,       8.953,
Temperature,   130.701,    24.447,    99.350,       8.463,
Temperature,   130.701,    26.447,    97.350,       8.095,
Temperature,   130.701,    28.447,    95.350,       7.854,
Temperature,   130.701,    30.447,    93.350,       7.707,
Temperature,   130.701,    32.447,    91.350,       7.622,
Temperature,   130.701,    34.447,    89.350,       7.576,
Temperature,   130.701,    36.447,    87.350,       7.554,
Temperature,   130.701,    38.447,    85.350,       7.536,
Temperature,   130.701,    40.447,    83.350,       7.523,
Temperature,   130.701,    42.447,    81.350,       7.514,
Temperature,   130.701,    44.447,    79.350,       7.512,
Temperature,   130.701,    46.447,    77.350,       7.512,
Temperature,   130.701,    48.447,    75.350,    -99.00  ,
Temperature,   130.701,    50.447,    73.350,    -99.00  ,
Temperature,   130.701,    52.447,    71.350,    -99.00  ,
Temperature,   130.701,    54.447,    69.350,    -99.00  ,
Temperature,   130.701,    56.447,    67.350,    -99.00  ,
Temperature,   140.701,     1.723,   122.073,      22.395,
Temperature,   140.701,     4.445,   119.350,      22.196,
Temperature,   140.701,     6.445,   117.350,      21.223,
Temperature,   140.701,     8.445,   115.350,      18.553,
Temperature,   140.701,    10.445,   113.350,      15.120,
Temperature,   140.701,    12.445,   111.350,      12.935,
Temperature,   140.701,    14.445,   109.350,      11.448,
Temperature,   140.701,    16.445,   107.350,      10.927,
Temperature,   140.701,    18.445,   105.350,      10.488,
Temperature,   140.701,    20.445,   103.350,      10.064,
Temperature,   140.701,    22.445,   101.350,       9.607,
Temperature,   140.701,    24.445,    99.350,       9.071,
Temperature,   140.701,    26.445,    97.350,       8.562,
Temperature,   140.701,    28.445,    95.350,       8.157,
Temperature,   140.701,    30.445,    93.350,       7.883,
Temperature,   140.701,    32.445,    91.350,       7.717,
Temperature,   140.701,    34.445,    89.350,       7.620,
Temperature,   140.701,    36.445,    87.350,       7.598,
Temperature,   140.701,    38.445,    85.350,       7.592,
Temperature,   140.701,    40.445,    83.350,       7.588,
Temperature,   140.701,    42.445,    81.350,       7.584,
Temperature,   140.701,    44.445,    79.350,       7.581,
Temperature,   140.701,    46.445,    77.350,       7.573,
Temperature,   140.701,    48.445,    75.350,    -99.00  ,
Temperature,   140.701,    50.445,    73.350,    -99.00  ,
Temperature,   140.701,    52.445,    71.350,    -99.00  ,
Temperature,   140.701,    54.445,    69.350,    -99.00  ,
Temperature,   140.701,    56.445,    67.350,    -99.00  ,
Temperature,   150.701,     1.724,   122.074,      24.793,
Temperature,   150.701,     4.448,   119.350,      24.556,
Temperature,   150.701,     6.448,   117.350,      23.555,
Temperature,   150.701,     8.448,   115.350,      20.850,
Temperature,   150.701,    10.448,   113.350,      17.463,
Temperature,   150.701,    12.448,   111.350,      14.343,
Temperature,   150.701,    14.448,   109.350,      12.254,
Temperature,   150.701,    16.448,   107.350,      11.058,
Temperature,   150.701,    18.448,   105.350,      10.361,
Temperature,   150.701,    20.448,   103.350,       9.815,
Temperature,   150.701,    22.448,   101.350,       9.289,
Temperature,   150.701,    24.448,    99.350,       8.793,
Temperature,   150.701,    26.448,    97.350,       8.377,
Temperature,   150.701,    28.448,    95.350,       8.069,
Temperature,   150.701,    30.448,    93.350,       7.864,
Temperature,   150.701,    32.448,    91.350,       7.733,
Temperature,   150.701,    34.448,    89.350,       7.661,
Temperature,   150.701,    36.448,    87.350,       7.634,
Temperature,   150.701,    38.448,    85.350,       7.626,
Temperature,   150.701,    40.448,    83.350,       7.622,
Temperature,   150.701,    42.448,    81.350,       7.620,
Temperature,   150.701,    44.448,    79.350,       7.617,
Temperature,   150.701,    46.448,    77.350,       7.613,
Temperature,   150.701,    48.448,    75.350,    -99.00  ,
Temperature,   150.701,    50.448,    73.350,    -99.00  ,
Temperature,   150.701,    52.448,    71.350,    -99.00  ,
Temperature,   150.701,    54.448,    69.350,    -99.00  ,
Temperature,   150.701,    56.448,    67.350,    -99.00  ,
Temperature,   160.701,     1.724,   122.074,      27.350,
Temperature,   160.701,     4.448,   119.350,      27.341,
Temperature,   160.701,     6.448,   117.350,      27.153,
Temperature,   160.701,     8.448,   115.350,      22.128,
Temperature,   160.701,    10.448,   113.350,      16.779,
Temperature,   160.701,    12.448,   111.350,      14.035,
Temperature,   160.701,    14.448,   109.350,      11.984,
Temperature,   160.701,    16.448,   107.350,      10.938,
Temperature,   160.701,    18.448,   105.350,      10.233,
Temperature,   160.701,    20.448,   103.350,       9.735,
Temperature,   160.701,    22.448,   101.350,       9.261,
Temperature,   160.701,    24.448,    99.350,       8.803,
Temperature,   160.701,    26.448,    97.350,       8.400,
Temperature,   160.701,    28.448,    95.350,       8.090,
Temperature,   160.701,    30.448,    93.350,       7.884,
Temperature,   160.701,    32.448,    91.350,       7.764,
Temperature,   160.701,    34.448,    89.350,       7.705,
Temperature,   160.701,    36.448,    87.350,       7.673,
Temperature,   160.701,    38.448,    85.350,       7.645,
Temperature,   160.701,    40.448,    83.350,       7.634,
Temperature,   160.701,    42.448,    81.350,       7.630,
Temperature,   160.701,    44.448,    79.350,       7.630,
Temperature,   160.701,    46.448,    77.350,       7.630,
Temperature,   160.701,    48.448,    75.350,    -99.00  ,
Temperature,   160.701,    50.448,    73.350,    -99.00  ,
Temperature,   160.701,    52.448,    71.350,    -99.00  ,
Temperature,   160.701,    54.448,    69.350,    -99.00  ,
Temperature,   160.701,    56.448,    67.350,    -99.00  ,
Temperature,   170.701,     1.723,   122.073,      27.794,
Temperature,   170.701,     4.445,   119.350,      27.361,
Temperature,   170.701,     6.445,   117.350,      26.882,
Temperature,   170.701,     8.445,   115.350,      23.098,
Temperature,   170.701,    10.445,   113.350,      17.944,
Temperature,   170.701,    12.445,   111.350,      14.089,
Temperature,   170.701,    14.445,   109.350,      11.907,
Temperature,   170.701,    16.445,   107.350,      10.898,
Temperature,   170.701,    18.445,   105.350,      10.243,
Temperature,   170.701,    20.445,   103.350,       9.760,
Temperature,   170.701,    22.445,   101.350,       9.337,
Temperature,   170.701,    24.445,    99.350,       8.924,
Temperature,   170.701,    26.445,    97.350,       8.539,
Temperature,   170.701,    28.445,    95.350,       8.215,
Temperature,   170.701,    30.445,    93.350,       7.976,
Temperature,   170.701,    32.445,    91.350,       7.826,
Temperature,   170.701,    34.445,    89.350,       7.742,
Temperature,   170.701,    36.445,    87.350,       7.700,
Temperature,   170.701,    38.445,    85.350,       7.686,
Temperature,   170.701,    40.445,    83.350,       7.683,
Temperature,   170.701,    42.445,    81.350,       7.683,
Temperature,   170.701,    44.445,    79.350,       7.682,
Temperature,   170.701,    46.445,    77.350,       7.679,
Temperature,   170.701,    48.445,    75.350,    -99.00  ,
Temperature,   170.701,    50.445,    73.350,    -99.00  ,
Temperature,   170.701,    52.445,    71.350,    -99.00  ,
Temperature,   170.701,    54.445,    69.350,    -99.00  ,
Temperature,   170.701,    56.445,    67.350,    -99.00  ,
Temperature,   180.701,     1.723,   122.073,      29.946,
Temperature,   180.701,     4.445,   119.350,      29.509,
Temperature,   180.701,     6.445,   117.350,      28.878,
Temperature,   180.701,     8.445,   115.350,      24.557,
Temperature,   180.701,    10.445,   113.350,      19.540,
Temperature,   180.701,    12.445,   111.350,      14.789,
Temperature,   180.701,    14.445,   109.350,      12.533,
Temperature,   180.701,    16.445,   107.350,      11.026,
Temperature,   180.701,    18.445,   105.350,      10.183,
Temperature,   180.701,    20.445,   103.350,       9.700,
Temperature,   180.701,    22.445,   101.350,       9.273,
Temperature,   180.701,    24.445,    99.350,       8.865,
Temperature,   180.701,    26.445,    97.350,       8.499,
Temperature,   180.701,    28.445,    95.350,       8.206,
Temperature,   180.701,    30.445,    93.350,       7.996,
Temperature,   180.701,    32.445,    91.350,       7.857,
Temperature,   180.701,    34.445,    89.350,       7.773,
Temperature,   180.701,    36.445,    87.350,       7.739,
Temperature,   180.701,    38.445,    85.350,       7.734,
Temperature,   180.701,    40.445,    83.350,       7.731,
Temperature,   180.701,    42.445,    81.350,       7.728,
Temperature,   180.701,    44.445,    79.350,       7.727,
Temperature,   180.701,    46.445,    77.350,       7.727,
Temperature,   180.701,    48.445,    75.350,    -99.00  ,
Temperature,   180.701,    50.445,    73.350,    -99.00  ,
Temperature,   180.701,    52.445,    71.350,    -99.00  ,
Temperature,   180.701,    54.445,    69.350,    -99.00  ,
Temperature,   180.701,    56.445,    67.350,    -99.00  ,
Temperature,   190.701,     1.723,   122.073,      33.013,
Temperature,   190.701,     4.445,   119.350,      32.542,
Temperature,   190.701,     6.445,   117.350,      31.789,
Temperature,   190.701,     8.445,   115.350,      25.995,
Temperature,   190.701,    10.445,   113.350,      19.721,
Temperature,   190.701,    12.445,   111.350,      15.232,
Temperature,   190.701,    14.445,   109.350,      12.351,
Temperature,   190.701,    16.445,   107.350,      10.940,
Temperature,   190.701,    18.445,   105.350,      10.201,
Temperature,   190.701,    20.445,   103.350,       9.752,
Temperature,   190.701,    22.445,   101.350,       9.354,
Temperature,   190.701,    24.445,    99.350,       8.957,
Temperature,   190.701,    26.445,    97.350,       8.586,
Temperature,   190.701,    28.445,    95.350,       8.275,
Temperature,   190.701,    30.445,    93.350,       8.047,
Temperature,   190.701,    32.445,    91.350,       7.900,
Temperature,   190.701,    34.445,    89.350,       7.818,
Temperature,   190.701,    36.445,    87.350,       7.776,
Temperature,   190.701,    38.445,    85.350,       7.753,
Temperature,   190.701,    40.445,    83.350,       7.752,
Temperature,   190.701,    42.445,    81.350,       7.751,
Temperature,   190.701,    44.445,    79.350,       7.751,
Temperature,   190.701,    46.445,    77.350,       7.751,
Temperature,   190.701,    48.445,    75.350,    -99.00  ,
Temperature,   190.701,    50.445,    73.350,    -99.00  ,
Temperature,   190.701,    52.445,    71.350,    -99.00  ,
Temperature,   190.701,    54.445,    69.350,    -99.00  ,
Temperature,   190.701,    56.445,    67.350,    -99.00  ,
Temperature,   200.701,     1.722,   122.073,      33.692,
Temperature,   200.701,     4.445,   119.350,      33.321,
Temperature,   200.701,     6.445,   117.350,      32.892,
Temperature,   200.701,     8.445,   115.350,      28.030,
Temperature,   200.701,    10.445,   113.350,      20.657,
Temperature,   200.701,    12.445,   111.350,      15.876,
Temperature,   200.701,    14.445,   109.350,      12.630,
Temperature,   200.701,    16.445,   107.350,      11.069,
Temperature,   200.701,    18.445,   105.350,      10.207,
Temperature,   200.701,    20.445,   103.350,       9.756,
Temperature,   200.701,    22.445,   101.350,       9.375,
Temperature,   200.701,    24.445,    99.350,       8.992,
Temperature,   200.701,    26.445,    97.350,       8.626,
Temperature,   200.701,    28.445,    95.350,       8.314,
Temperature,   200.701,    30.445,    93.350,       8.081,
Temperature,   200.701,    32.445,    91.350,       7.931,
Temperature,   200.701,    34.445,    89.350,       7.846,
Temperature,   200.701,    36.445,    87.350,       7.807,
Temperature,   200.701,    38.445,    85.350,       7.799,
Temperature,   200.701,    40.445,    83.350,       7.799,
Temperature,   200.701,    42.445,    81.350,       7.799,
Temperature,   200.701,    44.445,    79.350,       7.799,
Temperature,   200.701,    46.445,    77.350,       7.799,
Temperature,   200.701,    48.445,    75.350,    -99.00  ,
Temperature,   200.701,    50.445,    73.350,    -99.00  ,
Temperature,   200.701,    52.445,    71.350,    -99.00  ,
Temperature,   200.701,    54.445,    69.350,    -99.00  ,
Temperature,   200.701,    56.445,    67.350,    -99.00  ,
Temperature,   210.701,     1.722,   122.072,      31.330,
Temperature,   210.701,     4.444,   119.350,      30.938,
Temperature,   210.701,     6.444,   117.350,      30.604,
Temperature,   210.701,     8.444,   115.350,      28.743,
Temperature,   210.701,    10.444,   113.350,      22.520,
Temperature,   210.701,    12.444,   111.350,      16.928,
Temperature,   210.701,    14.444,   109.350,      13.185,
Temperature,   210.701,    16.444,   107.350,      11.265,
Temperature,   210.701,    18.444,   105.350,      10.416,
Temperature,   210.701,    20.444,   103.350,       9.895,
Temperature,   210.701,    22.444,   101.350,       9.488,
Temperature,   210.701,    24.444,    99.350,       9.109,
Temperature,   210.701,    26.444,    97.350,       8.749,
Temperature,   210.701,    28.444,    95.350,       8.441,
Temperature,   210.701,    30.444,    93.350,       8.203,
Temperature,   210.701,    32.444,    91.350,       8.030,
Temperature,   210.701,    34.444,    89.350,       7.917,
Temperature,   210.701,    36.444,    87.350,       7.865,
Temperature,   210.701,    38.444,    85.350,       7.855,
Temperature,   210.701,    40.444,    83.350,       7.852,
Temperature,   210.701,    42.444,    81.350,       7.851,
Temperature,   210.701,    44.444,    79.350,       7.851,
Temperature,   210.701,    46.444,    77.350,       7.851,
Temperature,   210.701,    48.444,    75.350,    -99.00  ,
Temperature,   210.701,    50.444,    73.350,    -99.00  ,
Temperature,   210.701,    52.444,    71.350,    -99.00  ,
Temperature,   210.701,    54.444,    69.350,    -99.00  ,
Temperature,   210.701,    56.444,    67.350,    -99.00  ,
Temperature,   220.701,     1.722,   122.072,      31.671,
Temperature,   220.701,     4.444,   119.350,      31.255,
Temperature,   220.701,     6.444,   117.350,      30.640,
Temperature,   220.701,     8.444,   115.350,      28.913,
Temperature,   220.701,    10.444,   113.350,      23.980,
Temperature,   220.701,    12.444,   111.350,      18.296,
Temperature,   220.701,    14.444,   109.350,      12.995,
Temperature,   220.701,    16.444,   107.350,      11.245,
Temperature,   220.701,    18.444,   105.350,      10.049,
Temperature,   220.701,    20.444,   103.350,       9.651,
Temperature,   220.701,    22.444,   101.350,       9.342,
Temperature,   220.701,    24.444,    99.350,       9.009,
Temperature,   220.701,    26.444,    97.350,       8.681,
Temperature,   220.701,    28.444,    95.350,       8.398,
Temperature,   220.701,    30.444,    93.350,       8.180,
Temperature,   220.701,    32.444,    91.350,       8.029,
Temperature,   220.701,    34.444,    89.350,       7.934,
Temperature,   220.701,    36.444,    87.350,       7.889,
Temperature,   220.701,    38.444,    85.350,       7.882,
Temperature,   220.701,    40.444,    83.350,       7.881,
Temperature,   220.701,    42.444,    81.350,       7.881,
Temperature,   220.701,    44.444,    79.350,       7.881,
Temperature,   220.701,    46.444,    77.350,       7.880,
Temperature,   220.701,    48.444,    75.350,    -99.00  ,
Temperature,   220.701,    50.444,    73.350,    -99.00  ,
Temperature,   220.701,    52.444,    71.350,    -99.00  ,
Temperature,   220.701,    54.444,    69.350,    -99.00  ,
Temperature,   220.701,    56.444,    67.350,    -99.00  ,
Temperature,   230.701,     1.722,   122.072,      31.575,
Temperature,   230.701,     4.443,   119.350,      31.265,
Temperature,   230.701,     6.443,   117.350,      30.783,
Temperature,   230.701,     8.443,   115.350,      29.016,
Temperature,   230.701,    10.443,   113.350,      23.447,
Temperature,   230.701,    12.443,   111.350,      18.392,
Temperature,   230.701,    14.443,   109.350,      13.853,
Temperature,   230.701,    16.443,   107.350,      11.189,
Temperature,   230.701,    18.443,   105.350,      10.163,
Temperature,   230.701,    20.443,   103.350,       9.685,
Temperature,   230.701,    22.443,   101.350,       9.372,
Temperature,   230.701,    24.443,    99.350,       9.083,
Temperature,   230.701,    26.443,    97.350,       8.792,
Temperature,   230.701,    28.443,    95.350,       8.524,
Temperature,   230.701,    30.443,    93.350,       8.300,
Temperature,   230.701,    32.443,    91.350,       8.130,
Temperature,   230.701,    34.443,    89.350,       8.014,
Temperature,   230.701,    36.443,    87.350,       7.951,
Temperature,   230.701,    38.443,    85.350,       7.932,
Temperature,   230.701,    40.443,    83.350,       7.931,
Temperature,   230.701,    42.443,    81.350,       7.931,
Temperature,   230.701,    44.443,    79.350,       7.931,
Temperature,   230.701,    46.443,    77.350,       7.929,
Temperature,   230.701,    48.443,    75.350,    -99.00  ,
Temperature,   230.701,    50.443,    73.350,    -99.00  ,
Temperature,   230.701,    52.443,    71.350,    -99.00  ,
Temperature,   230.701,    54.443,    69.350,    -99.00  ,
Temperature,   230.701,    56.443,    67.350,    -99.00  ,
Temperature,   240.701,     1.721,   122.072,      30.710,
Temperature,   240.701,     4.442,   119.350,      30.477,
Temperature,   240.701,     6.442,   117.350,      30.113,
Temperature,   240.701,     8.442,   115.350,      29.215,
Temperature,   240.701,    10.442,   113.350,      24.605,
Temperature,   240.701,    12.442,   111.350,      19.062,
Temperature,   240.701,    14.442,   109.350,      14.527,
Temperature,   240.701,    16.442,   107.350,      11.569,
Temperature,   240.701,    18.442,   105.350,      10.117,
Temperature,   240.701,    20.442,   103.350,       9.602,
Temperature,   240.701,    22.442,   101.350,       9.295,
Temperature,   240.701,    24.442,    99.350,       9.032,
Temperature,   240.701,    26.442,    97.350,       8.764,
Temperature,   240.701,    28.442,    95.350,       8.506,
Temperature,   240.701,    30.442,    93.350,       8.285,
Temperature,   240.701,    32.442,    91.350,       8.122,
Temperature,   240.701,    34.442,    89.350,       8.023,
Temperature,   240.701,    36.442,    87.350,       7.979,
Temperature,   240.701,    38.442,    85.350,       7.970,
Temperature,   240.701,    40.442,    83.350,       7.970,
Temperature,   240.701,    42.442,    81.350,       7.970,
Temperature,   240.701,    44.442,    79.350,       7.970,
Temperature,   240.701,    46.442,    77.350,       7.970,
Temperature,   240.701,    48.442,    75.350,    -99.00  ,
Temperature,   240.701,    50.442,    73.350,    -99.00  ,
Temperature,   240.701,    52.442,    71.350,    -99.00  ,
Temperature,   240.701,    54.442,    69.350,    -99.00  ,
Temperature,   240.701,    56.442,    67.350,    -99.00  ,
Temperature,   250.701,     1.721,   122.072,      30.037,
Temperature,   250.701,     4.443,   119.350,      29.655,
Temperature,   250.701,     6.443,   117.350,      29.280,
Temperature,   250.701,     8.443,   115.350,      28.916,
Temperature,   250.701,    10.443,   113.350,      25.435,
Temperature,   250.701,    12.443,   111.350,      20.351,
Temperature,   250.701,    14.443,   109.350,      14.731,
Temperature,   250.701,    16.443,   107.350,      11.929,
Temperature,   250.701,    18.443,   105.350,      10.324,
Temperature,   250.701,    20.443,   103.350,       9.694,
Temperature,   250.701,    22.443,   101.350,       9.393,
Temperature,   250.701,    24.443,    99.350,       9.179,
Temperature,   250.701,    26.443,    97.350,       8.957,
Temperature,   250.701,    28.443,    95.350,       8.715,
Temperature,   250.701,    30.443,    93.350,       8.484,
Temperature,   250.701,    32.443,    91.350,       8.289,
Temperature,   250.701,    34.443,    89.350,       8.143,
Temperature,   250.701,    36.443,    87.350,       8.055,
Temperature,   250.701,    38.443,    85.350,       8.021,
Temperature,   250.701,    40.443,    83.350,       8.013,
Temperature,   250.701,    42.443,    81.350,       8.011,
Temperature,   250.701,    44.443,    79.350,       8.010,
Temperature,   250.701,    46.443,    77.350,       8.009,
Temperature,   250.701,    48.443,    75.350,    -99.00  ,
Temperature,   250.701,    50.443,    73.350,    -99.00  ,
Temperature,   250.701,    52.443,    71.350,    -99.00  ,
Temperature,   250.701,    54.443,    69.350,    -99.00  ,
Temperature,   250.701,    56.443,    67.350,    -99.00  ,
Temperature,   260.701,     1.723,   122.072,      28.878,
Temperature,   260.701,     4.445,   119.350,      28.725,
Temperature,   260.701,     6.445,   117.350,      28.431,
Temperature,   260.701,     8.445,   115.350,      28.300,
Temperature,   260.701,    10.445,   113.350,      26.227,
Temperature,   260.701,    12.445,   111.350,      21.772,
Temperature,   260.701,    14.445,   109.350,      16.222,
Temperature,   260.701,    16.445,   107.350,      11.985,
Temperature,   260.701,    18.445,   105.350,      10.462,
Temperature,   260.701,    20.445,   103.350,       9.710,
Temperature,   260.701,    22.445,   101.350,       9.332,
Temperature,   260.701,    24.445,    99.350,       9.123,
Temperature,   260.701,    26.445,    97.350,       8.921,
Temperature,   260.701,    28.445,    95.350,       8.704,
Temperature,   260.701,    30.445,    93.350,       8.490,
Temperature,   260.701,    32.445,    91.350,       8.304,
Temperature,   260.701,    34.445,    89.350,       8.162,
Temperature,   260.701,    36.445,    87.350,       8.076,
Temperature,   260.701,    38.445,    85.350,       8.048,
Temperature,   260.701,    40.445,    83.350,       8.048,
Temperature,   260.701,    42.445,    81.350,       8.048,
Temperature,   260.701,    44.445,    79.350,       8.048,
Temperature,   260.701,    46.445,    77.350,       8.048,
Temperature,   260.701,    48.445,    75.350,    -99.00  ,
Temperature,   260.701,    50.445,    73.350,    -99.00  ,
Temperature,   260.701,    52.445,    71.350,    -99.00  ,
Temperature,   260.701,    54.445,    69.350,    -99.00  ,
Temperature,   260.701,    56.445,    67.350,    -99.00  ,
Temperature,   270.701,     1.721,   122.071,      25.611,
Temperature,   270.701,     4.441,   119.350,      25.611,
Temperature,   270.701,     6.441,   117.350,      25.611,
Temperature,   270.701,     8.441,   115.350,      25.611,
Temperature,   270.701,    10.441,   113.350,      25.218,
Temperature,   270.701,    12.441,   111.350,      20.471,
Temperature,   270.701,    14.441,   109.350,      15.757,
Temperature,   270.701,    16.441,   107.350,      12.190,
Temperature,   270.701,    18.441,   105.350,      10.417,
Temperature,   270.701,    20.441,   103.350,       9.619,
Temperature,   270.701,    22.441,   101.350,       9.273,
Temperature,   270.701,    24.441,    99.350,       9.081,
Temperature,   270.701,    26.441,    97.350,       8.899,
Temperature,   270.701,    28.441,    95.350,       8.697,
Temperature,   270.701,    30.441,    93.350,       8.495,
Temperature,   270.701,    32.441,    91.350,       8.318,
Temperature,   270.701,    34.441,    89.350,       8.184,
Temperature,   270.701,    36.441,    87.350,       8.106,
Temperature,   270.701,    38.441,    85.350,       8.089,
Temperature,   270.701,    40.441,    83.350,       8.089,
Temperature,   270.701,    42.441,    81.350,       8.089,
Temperature,   270.701,    44.441,    79.350,       8.089,
Temperature,   270.701,    46.441,    77.350,       8.089,
Temperature,   270.701,    48.441,    75.350,    -99.00  ,
Temperature,   270.701,    50.441,    73.350,    -99.00  ,
Temperature,   270.701,    52.441,    71.350,    -99.00  ,
Temperature,   270.701,    54.441,    69.350,    -99.00  ,
Temperature,   270.701,    56.441,    67.350,    -99.00  ,
Temperature,   280.701,     1.721,   122.071,      22.528,
Temperature,   280.701,     4.442,   119.350,      22.419,
Temperature,   280.701,     6.442,   117.350,      22.214,
Temperature,   280.701,     8.442,   115.350,      22.133,
Temperature,   280.701,    10.442,   113.350,      22.021,
Temperature,   280.701,    12.442,   111.350,      21.030,
Temperature,   280.701,    14.442,   109.350,      16.816,
Temperature,   280.701,    16.442,   107.350,      13.735,
Temperature,   280.701,    18.442,   105.350,      10.825,
Temperature,   280.701,    20.442,   103.350,       9.558,
Temperature,   280.701,    22.442,   101.350,       9.251,
Temperature,   280.701,    24.442,    99.350,       9.075,
Temperature,   280.701,    26.442,    97.350,       8.916,
Temperature,   280.701,    28.442,    95.350,       8.738,
Temperature,   280.701,    30.442,    93.350,       8.561,
Temperature,   280.701,    32.442,    91.350,       8.403,
Temperature,   280.701,    34.442,    89.350,       8.270,
Temperature,   280.701,    36.442,    87.350,       8.181,
Temperature,   280.701,    38.442,    85.350,       8.159,
Temperature,   280.701,    40.442,    83.350,       8.152,
Temperature,   280.701,    42.442,    81.350,       8.148,
Temperature,   280.701,    44.442,    79.350,       8.145,
Temperature,   280.701,    46.442,    77.350,       8.142,
Temperature,   280.701,    48.442,    75.350,    -99.00  ,
Temperature,   280.701,    50.442,    73.350,    -99.00  ,
Temperature,   280.701,    52.442,    71.350,    -99.00  ,
Temperature,   280.701,    54.442,    69.350,    -99.00  ,
Temperature,   280.701,    56.442,    67.350,    -99.00  ,
Temperature,   290.701,     1.721,   122.071,      21.339,
Temperature,   290.701,     4.441,   119.350,      21.255,
Temperature,   290.701,     6.441,   117.350,      21.154,
Temperature,   290.701,     8.441,   115.350,      20.966,
Temperature,   290.701,    10.441,   113.350,      20.744,
Temperature,   290.701,    12.441,   111.350,      20.037,
Temperature,   290.701,    14.441,   109.350,      17.322,
Temperature,   290.701,    16.441,   107.350,      14.735,
Temperature,   290.701,    18.441,   105.350,      11.242,
Temperature,   290.701,    20.441,   103.350,       9.857,
Temperature,   290.701,    22.441,   101.350,       9.256,
Temperature,   290.701,    24.441,    99.350,       9.051,
Temperature,   290.701,    26.441,    97.350,       8.908,
Temperature,   290.701,    28.441,    95.350,       8.744,
Temperature,   290.701,    30.441,    93.350,       8.567,
Temperature,   290.701,    32.441,    91.350,       8.405,
Temperature,   290.701,    34.441,    89.350,       8.277,
Temperature,   290.701,    36.441,    87.350,       8.207,
Temperature,   290.701,    38.441,    85.350,       8.182,
Temperature,   290.701,    40.441,    83.350,       8.182,
Temperature,   290.701,    42.441,    81.350,       8.182,
Temperature,   290.701,    44.441,    79.350,       8.182,
Temperature,   290.701,    46.441,    77.350,       8.173,
Temperature,   290.701,    48.441,    75.350,    -99.00  ,
Temperature,   290.701,    50.441,    73.350,    -99.00  ,
Temperature,   290.701,    52.441,    71.350,    -99.00  ,
Temperature,   290.701,    54.441,    69.350,    -99.00  ,
Temperature,   290.701,    56.441,    67.350,    -99.00  ,
Temperature,   300.701,     1.721,   122.071,      18.864,
Temperature,   300.701,     4.442,   119.350,      18.864,
Temperature,   300.701,     6.442,   117.350,      18.864,
Temperature,   300.701,     8.442,   115.350,      18.864,
Temperature,   300.701,    10.442,   113.350,      18.864,
Temperature,   300.701,    12.442,   111.350,      18.864,
Temperature,   300.701,    14.442,   109.350,      18.442,
Temperature,   300.701,    16.442,   107.350,      15.091,
Temperature,   300.701,    18.442,   105.350,      12.173,
Temperature,   300.701,    20.442,   103.350,       9.686,
Temperature,   300.701,    22.442,   101.350,       9.020,
Temperature,   300.701,    24.442,    99.350,       8.910,
Temperature,   300.701,    26.442,    97.350,       8.829,
Temperature,   300.701,    28.442,    95.350,       8.692,
Temperature,   300.701,    30.442,    93.350,       8.528,
Temperature,   300.701,    32.442,    91.350,       8.385,
Temperature,   300.701,    34.442,    89.350,       8.284,
Temperature,   300.701,    36.442,    87.350,       8.228,
Temperature,   300.701,    38.442,    85.350,       8.207,
Temperature,   300.701,    40.442,    83.350,       8.206,
Temperature,   300.701,    42.442,    81.350,       8.206,
Temperature,   300.701,    44.442,    79.350,       8.206,
Temperature,   300.701,    46.442,    77.350,       8.206,
Temperature,   300.701,    48.442,    75.350,    -99.00  ,
Temperature,   300.701,    50.442,    73.350,    -99.00  ,
Temperature,   300.701,    52.442,    71.350,    -99.00  ,
Temperature,   300.701,    54.442,    69.350,    -99.00  ,
Temperature,   300.701,    56.442,    67.350,    -99.00  ,
Temperature,   310.701,     1.721,   122.071,      16.986,
Temperature,   310.701,     4.442,   119.350,      16.891,
Temperature,   310.701,     6.442,   117.350,      16.722,
Temperature,   310.701,     8.442,   115.350,      16.651,
Temperature,   310.701,    10.442,   113.350,      16.645,
Temperature,   310.701,    12.442,   111.350,      16.644,
Temperature,   310.701,    14.442,   109.350,      16.625,
Temperature,   310.701,    16.442,   107.350,      15.491,
Temperature,   310.701,    18.442,   105.350,      12.803,
Temperature,   310.701,    20.442,   103.350,      10.976,
Temperature,   310.701,    22.442,   101.350,       9.476,
Temperature,   310.701,    24.442,    99.350,       8.926,
Temperature,   310.701,    26.442,    97.350,       8.813,
Temperature,   310.701,    28.442,    95.350,       8.733,
Temperature,   310.701,    30.442,    93.350,       8.635,
Temperature,   310.701,    32.442,    91.350,       8.527,
Temperature,   310.701,    34.442,    89.350,       8.416,
Temperature,   310.701,    36.442,    87.350,       8.326,
Temperature,   310.701,    38.442,    85.350,       8.288,
Temperature,   310.701,    40.442,    83.350,       8.284,
Temperature,   310.701,    42.442,    81.350,       8.283,
Temperature,   310.701,    44.442,    79.350,       8.283,
Temperature,   310.701,    46.442,    77.350,       8.283,
Temperature,   310.701,    48.442,    75.350,    -99.00  ,
Temperature,   310.701,    50.442,    73.350,    -99.00  ,
Temperature,   310.701,    52.442,    71.350,    -99.00  ,
Temperature,   310.701,    54.442,    69.350,    -99.00  ,
Temperature,   310.701,    56.442,    67.350,    -99.00  ,
Temperature,   320.701,     1.721,   122.071,      15.708,
Temperature,   320.701,     4.443,   119.350,      15.708,
Temperature,   320.701,     6.443,   117.350,      15.708,
Temperature,   320.701,     8.443,   115.350,      15.708,
Temperature,   320.701,    10.443,   113.350,      15.708,
Temperature,   320.701,    12.443,   111.350,      15.708,
Temperature,   320.701,    14.443,   109.350,      15.708,
Temperature,   320.701,    16.443,   107.350,      15.625,
Temperature,   320.701,    18.443,   105.350,      13.816,
Temperature,   320.701,    20.443,   103.350,      11.415,
Temperature,   320.701,    22.443,   101.350,       9.939,
Temperature,   320.701,    24.443,    99.350,       9.029,
Temperature,   320.701,    26.443,    97.350,       8.830,
Temperature,   320.701,    28.443,    95.350,       8.739,
Temperature,   320.701,    30.443,    93.350,       8.673,
Temperature,   320.701,    32.443,    91.350,       8.592,
Temperature,   320.701,    34.443,    89.350,       8.497,
Temperature,   320.701,    36.443,    87.350,       8.399,
Temperature,   320.701,    38.443,    85.350,       8.342,
Temperature,   320.701,    40.443,    83.350,       8.321,
Temperature,   320.701,    42.443,    81.350,       8.320,
Temperature,   320.701,    44.443,    79.350,       8.320,
Temperature,   320.701,    46.443,    77.350,       8.320,
Temperature,   320.701,    48.443,    75.350,    -99.00  ,
Temperature,   320.701,    50.443,    73.350,    -99.00  ,
Temperature,   320.701,    52.443,    71.350,    -99.00  ,
Temperature,   320.701,    54.443,    69.350,    -99.00  ,
Temperature,   320.701,    56.443,    67.350,    -99.00  ,
Temperature,   330.701,     1.721,   122.071,      12.817,
Temperature,   330.701,     4.442,   119.350,      12.817,
Temperature,   330.701,     6.442,   117.350,      12.817,
Temperature,   330.701,     8.442,   115.350,      12.810,
Temperature,   330.701,    10.442,   113.350,      12.799,
Temperature,   330.701,    12.442,   111.350,      12.797,
Temperature,   330.701,    14.442,   109.350,      12.796,
Temperature,   330.701,    16.442,   107.350,      12.796,
Temperature,   330.701,    18.442,   105.350,      12.785,
Temperature,   330.701,    20.442,   103.350,      11.637,
Temperature,   330.701,    22.442,   101.350,       9.917,
Temperature,   330.701,    24.442,    99.350,       9.358,
Temperature,   330.701,    26.442,    97.350,       8.987,
Temperature,   330.701,    28.442,    95.350,       8.794,
Temperature,   330.701,    30.442,    93.350,       8.712,
Temperature,   330.701,    32.442,    91.350,       8.657,
Temperature,   330.701,    34.442,    89.350,       8.587,
Temperature,   330.701,    36.442,    87.350,       8.476,
Temperature,   330.701,    38.442,    85.350,       8.416,
Temperature,   330.701,    40.442,    83.350,       8.398,
Temperature,   330.701,    42.442,    81.350,       8.387,
Temperature,   330.701,    44.442,    79.350,       8.385,
Temperature,   330.701,    46.442,    77.350,       8.385,
Temperature,   330.701,    48.442,    75.350,    -99.00  ,
Temperature,   330.701,    50.442,    73.350,    -99.00  ,
Temperature,   330.701,    52.442,    71.350,    -99.00  ,
Temperature,   330.701,    54.442,    69.350,    -99.00  ,
Temperature,   330.701,    56.442,    67.350,    -99.00  ,
Temperature,   340.701,     1.720,   122.071,      11.603,
Temperature,   340.701,     4.441,   119.350,      11.483,
Temperature,   340.701,     6.441,   117.350,      11.380,
Temperature,   340.701,     8.441,   115.350,      11.332,
Temperature,   340.701,    10.441,   113.350,      11.292,
Temperature,   340.701,    12.441,   111.350,      11.235,
Temperature,   340.701,    14.441,   109.350,      11.076,
Temperature,   340.701,    16.441,   107.350,      10.907,
Temperature,   340.701,    18.441,   105.350,      10.719,
Temperature,   340.701,    20.441,   103.350,      10.440,
Temperature,   340.701,    22.441,   101.350,      10.045,
Temperature,   340.701,    24.441,    99.350,       9.473,
Temperature,   340.701,    26.441,    97.350,       9.066,
Temperature,   340.701,    28.441,    95.350,       8.816,
Temperature,   340.701,    30.441,    93.350,       8.665,
Temperature,   340.701,    32.441,    91.350,       8.580,
Temperature,   340.701,    34.441,    89.350,       8.524,
Temperature,   340.701,    36.441,    87.350,       8.482,
Temperature,   340.701,    38.441,    85.350,       8.449,
Temperature,   340.701,    40.441,    83.350,       8.438,
Temperature,   340.701,    42.441,    81.350,       8.437,
Temperature,   340.701,    44.441,    79.350,       8.434,
Temperature,   340.701,    46.441,    77.350,       8.425,
Temperature,   340.701,    48.441,    75.350,    -99.00  ,
Temperature,   340.701,    50.441,    73.350,    -99.00  ,
Temperature,   340.701,    52.441,    71.350,    -99.00  ,
Temperature,   340.701,    54.441,    69.350,    -99.00  ,
Temperature,   340.701,    56.441,    67.350,    -99.00  ,
Temperature,   350.701,     1.721,   122.071,      10.657,
Temperature,   350.701,     4.443,   119.350,      10.566,
Temperature,   350.701,     6.443,   117.350,      10.454,
Temperature,   350.701,     8.443,   115.350,      10.411,
Temperature,   350.701,    10.443,   113.350,      10.402,
Temperature,   350.701,    12.443,   111.350,      10.400,
Temperature,   350.701,    14.443,   109.350,      10.400,
Temperature,   350.701,    16.443,   107.350,      10.400,
Temperature,   350.701,    18.443,   105.350,      10.400,
Temperature,   350.701,    20.443,   103.350,      10.400,
Temperature,   350.701,    22.443,   101.350,      10.317,
Temperature,   350.701,    24.443,    99.350,      10.075,
Temperature,   350.701,    26.443,    97.350,       9.599,
Temperature,   350.701,    28.443,    95.350,       9.085,
Temperature,   350.701,    30.443,    93.350,       8.795,
Temperature,   350.701,    32.443,    91.350,       8.632,
Temperature,   350.701,    34.443,    89.350,       8.533,
Temperature,   350.701,    36.443,    87.350,       8.478,
Temperature,   350.701,    38.443,    85.350,       8.449,
Temperature,   350.701,    40.443,    83.350,       8.438,
Temperature,   350.701,    42.443,    81.350,       8.433,
Temperature,   350.701,    44.443,    79.350,       8.433,
Temperature,   350.701,    46.443,    77.350,       8.433,
Temperature,   350.701,    48.443,    75.350,    -99.00  ,
Temperature,   350.701,    50.443,    73.350,    -99.00  ,
Temperature,   350.701,    52.443,    71.350,    -99.00  ,
Temperature,   350.701,    54.443,    69.350,    -99.00  ,
Temperature,   350.701,    56.443,    67.350,    -99.00  ,
